euctr_id,other_id,field,provenance
2020-002510-40,NA,US NCT number,download
2020-002510-40,NA,other,downlaod
2020-002510-40,NA,US NCT number,results_page
2020-002510-40,NA,ISRCTN number,results_page
2020-002282-33,NA,US NCT number,download
2020-002282-33,NA,other,downlaod
2020-002282-33,NA,US NCT number,results_page
2020-002282-33,NA,ISRCTN number,results_page
2017-004458-41,NA,US NCT number,download
2017-004458-41,NA,other,downlaod
2017-004458-41,NA,US NCT number,results_page
2017-004458-41,NA,ISRCTN number,results_page
2017-001604-30,NA,US NCT number,download
2017-001604-30,NA,other,downlaod
2017-001604-30,NCT03444103,US NCT number,results_page
2017-001604-30,NA,ISRCTN number,results_page
2016-004825-17,NA,US NCT number,download
2016-004825-17,NA,other,downlaod
2016-004825-17,NA,US NCT number,results_page
2016-004825-17,NA,ISRCTN number,results_page
2016-003828-23,NA,US NCT number,download
2016-003828-23,NA,other,downlaod
2016-003828-23,NCT03046381,US NCT number,results_page
2016-003828-23,NA,ISRCTN number,results_page
2016-002370-12,NA,US NCT number,download
2016-002370-12,NA,other,downlaod
2016-002370-12,NA,US NCT number,results_page
2016-002370-12,NA,ISRCTN number,results_page
2016-001777-33,NA,US NCT number,download
2016-001777-33,NA,other,downlaod
2016-001777-33,NCT02758964,US NCT number,results_page
2016-001777-33,NA,ISRCTN number,results_page
2016-000615-33,NCT02758782,US NCT number,download
2016-000615-33,NA,other,downlaod
2016-000615-33,NCT02758782,US NCT number,results_page
2016-000615-33,NA,ISRCTN number,results_page
2015-005346-58,NA,US NCT number,download
2015-005346-58,NA,other,downlaod
2015-005346-58,NCT04114188,US NCT number,results_page
2015-005346-58,NA,ISRCTN number,results_page
2015-001456-29,NA,US NCT number,download
2015-001456-29,NA,other,downlaod
2015-001456-29,NA,US NCT number,results_page
2015-001456-29,NA,ISRCTN number,results_page
2015-000538-31,NA,US NCT number,download
2015-000538-31,NA,other,downlaod
2015-000538-31,NA,US NCT number,results_page
2015-000538-31,NA,ISRCTN number,results_page
2015-000465-31,NA,US NCT number,download
2015-000465-31,NA,other,downlaod
2015-000465-31,NA,US NCT number,results_page
2015-000465-31,NA,ISRCTN number,results_page
2014-005344-17,NA,US NCT number,download
2014-005344-17,NA,other,downlaod
2014-005344-17,NA,US NCT number,results_page
2014-005344-17,NA,ISRCTN number,results_page
2014-005239-15,NA,US NCT number,download
2014-005239-15,NA,other,downlaod
2014-005239-15,NCT03062150,US NCT number,results_page
2014-005239-15,NA,ISRCTN number,results_page
2014-004551-32,NA,US NCT number,download
2014-004551-32,NA,other,downlaod
2014-004551-32,NA,US NCT number,results_page
2014-004551-32,NA,ISRCTN number,results_page
2014-002392-28,NA,US NCT number,download
2014-002392-28,NA,other,downlaod
2014-002392-28,NCT02507492,US NCT number,results_page
2014-002392-28,NA,ISRCTN number,results_page
2014-001551-22,NA,US NCT number,download
2014-001551-22,NA,other,downlaod
2014-001551-22,NA,US NCT number,results_page
2014-001551-22,NA,ISRCTN number,results_page
2014-000181-21,NA,US NCT number,download
2014-000181-21,NA,other,downlaod
2014-000181-21,NA,US NCT number,results_page
2014-000181-21,NA,ISRCTN number,results_page
2013-005362-19,NA,US NCT number,download
2013-005362-19,NA,other,downlaod
2013-005362-19,NA,US NCT number,results_page
2013-005362-19,NA,ISRCTN number,results_page
2013-004130-15,NA,US NCT number,download
2013-004130-15,NA,other,downlaod
2013-004130-15,NA,US NCT number,results_page
2013-004130-15,NA,ISRCTN number,results_page
2013-003601-25,NA,US NCT number,download
2013-003601-25,NA,other,downlaod
2013-003601-25,NA,US NCT number,results_page
2013-003601-25,NA,ISRCTN number,results_page
2013-002409-75,NA,US NCT number,download
2013-002409-75,NA,other,downlaod
2013-002409-75,NA,US NCT number,results_page
2013-002409-75,NA,ISRCTN number,results_page
2013-000823-15,NA,US NCT number,download
2013-000823-15,NA,other,downlaod
2013-000823-15,NCT02096068,US NCT number,results_page
2013-000823-15,NA,ISRCTN number,results_page
2013-000416-24,NA,US NCT number,download
2013-000416-24,NA,other,downlaod
2013-000416-24,NA,US NCT number,results_page
2013-000416-24,NA,ISRCTN number,results_page
2012-005726-30,NA,US NCT number,download
2012-005726-30,NA,other,downlaod
2012-005726-30,NA,US NCT number,results_page
2012-005726-30,NA,ISRCTN number,results_page
2012-005652-42,NA,US NCT number,download
2012-005652-42,NA,other,downlaod
2012-005652-42,NA,US NCT number,results_page
2012-005652-42,NA,ISRCTN number,results_page
2012-004111-32,NA,US NCT number,download
2012-004111-32,NA,other,downlaod
2012-004111-32,NA,US NCT number,results_page
2012-004111-32,NA,ISRCTN number,results_page
2012-003943-32,NA,US NCT number,download
2012-003943-32,NA,other,downlaod
2012-003943-32,NA,US NCT number,results_page
2012-003943-32,NA,ISRCTN number,results_page
2012-003882-17,NA,US NCT number,download
2012-003882-17,NA,other,downlaod
2012-003882-17,NCT02071615,US NCT number,results_page
2012-003882-17,NA,ISRCTN number,results_page
2012-003621-21,NA,US NCT number,download
2012-003621-21,NA,other,downlaod
2012-003621-21,NA,US NCT number,results_page
2012-003621-21,NA,ISRCTN number,results_page
2012-003217-33,NA,US NCT number,download
2012-003217-33,NA,other,downlaod
2012-003217-33,NA,US NCT number,results_page
2012-003217-33,NA,ISRCTN number,results_page
2012-000443-27,NA,US NCT number,download
2012-000443-27,NA,other,downlaod
2012-000443-27,NA,US NCT number,results_page
2012-000443-27,NA,ISRCTN number,results_page
2012-000411-91,NA,US NCT number,download
2012-000411-91,NA,other,downlaod
2012-000411-91,NA,US NCT number,results_page
2012-000411-91,NA,ISRCTN number,results_page
2012-000188-25,NCT02022592,US NCT number,download
2012-000188-25,NA,other,downlaod
2012-000188-25,NCT02022592,US NCT number,results_page
2012-000188-25,NA,ISRCTN number,results_page
2011-005615-87,NA,US NCT number,download
2011-005615-87,NA,other,downlaod
2011-005615-87,NA,US NCT number,results_page
2011-005615-87,NA,ISRCTN number,results_page
2011-004944-23,NA,US NCT number,download
2011-004944-23,NA,other,downlaod
2011-004944-23,NA,US NCT number,results_page
2011-004944-23,NA,ISRCTN number,results_page
2011-004787-30,NA,US NCT number,download
2011-004787-30,NA,other,downlaod
2011-004787-30,NA,US NCT number,results_page
2011-004787-30,NA,ISRCTN number,results_page
2011-004585-15,NA,US NCT number,download
2011-004585-15,NA,other,downlaod
2011-004585-15,NA,US NCT number,results_page
2011-004585-15,NA,ISRCTN number,results_page
2011-004463-69,NA,US NCT number,download
2011-004463-69,DRKS 00003246,other,downlaod
2011-004463-69,NA,US NCT number,results_page
2011-004463-69,NA,ISRCTN number,results_page
2011-004393-28,NA,US NCT number,download
2011-004393-28,NA,other,downlaod
2011-004393-28,NA,US NCT number,results_page
2011-004393-28,NA,ISRCTN number,results_page
2011-004094-93,NA,US NCT number,download
2011-004094-93,NA,other,downlaod
2011-004094-93,NA,US NCT number,results_page
2011-004094-93,NA,ISRCTN number,results_page
2011-003746-41,NA,US NCT number,download
2011-003746-41,NA,other,downlaod
2011-003746-41,NA,US NCT number,results_page
2011-003746-41,NA,ISRCTN number,results_page
2011-002785-20,NA,US NCT number,download
2011-002785-20,NA,other,downlaod
2011-002785-20,NA,US NCT number,results_page
2011-002785-20,NA,ISRCTN number,results_page
2011-001689-16,NA,US NCT number,download
2011-001689-16,German Register of Clinical Trials DRKS00000796,other,downlaod
2011-001689-16,NA,US NCT number,results_page
2011-001689-16,ISRCTN46445413,ISRCTN number,results_page
2011-001474-25,NA,US NCT number,download
2011-001474-25,NA,other,downlaod
2011-001474-25,NA,US NCT number,results_page
2011-001474-25,NA,ISRCTN number,results_page
2011-001403-12,NA,US NCT number,download
2011-001403-12,NA,other,downlaod
2011-001403-12,NCT01370044,US NCT number,results_page
2011-001403-12,NA,ISRCTN number,results_page
2011-001398-19,NA,US NCT number,download
2011-001398-19,NA,other,downlaod
2011-001398-19,NCT01928823,US NCT number,results_page
2011-001398-19,NA,ISRCTN number,results_page
2011-001232-27,NA,US NCT number,download
2011-001232-27,NA,other,downlaod
2011-001232-27,NA,US NCT number,results_page
2011-001232-27,NA,ISRCTN number,results_page
2011-001027-20,NA,US NCT number,download
2011-001027-20,NA,other,downlaod
2011-001027-20,NCT02204293,US NCT number,results_page
2011-001027-20,NA,ISRCTN number,results_page
2011-000844-56,NCT01330901,US NCT number,download
2011-000844-56,NA,other,downlaod
2011-000844-56,NA,US NCT number,results_page
2011-000844-56,NA,ISRCTN number,results_page
2010-024379-15,NA,US NCT number,download
2010-024379-15,NA,other,downlaod
2010-024379-15,NCT01503372,US NCT number,results_page
2010-024379-15,NA,ISRCTN number,results_page
2010-024156-28,NA,US NCT number,download
2010-024156-28,NA,other,downlaod
2010-024156-28,NA,US NCT number,results_page
2010-024156-28,NA,ISRCTN number,results_page
2010-023941-31,NA,US NCT number,download
2010-023941-31,NA,other,downlaod
2010-023941-31,NCT01357681,US NCT number,results_page
2010-023941-31,NA,ISRCTN number,results_page
2010-023044-32,NA,US NCT number,download
2010-023044-32,NA,other,downlaod
2010-023044-32,NA,US NCT number,results_page
2010-023044-32,NA,ISRCTN number,results_page
2010-021861-62,NA,US NCT number,download
2010-021861-62,NA,other,downlaod
2010-021861-62,NCT01266655,US NCT number,results_page
2010-021861-62,NA,ISRCTN number,results_page
2010-021775-80,NA,US NCT number,download
2010-021775-80,NA,other,downlaod
2010-021775-80,NCT01466465,US NCT number,results_page
2010-021775-80,NA,ISRCTN number,results_page
2010-021604-16,NA,US NCT number,download
2010-021604-16,NA,other,downlaod
2010-021604-16,NA,US NCT number,results_page
2010-021604-16,NA,ISRCTN number,results_page
2010-021275-92,NA,US NCT number,download
2010-021275-92,NA,other,downlaod
2010-021275-92,NA,US NCT number,results_page
2010-021275-92,NA,ISRCTN number,results_page
2010-021001-21,NA,US NCT number,download
2010-021001-21,NA,other,downlaod
2010-021001-21,NA,US NCT number,results_page
2010-021001-21,NA,ISRCTN number,results_page
2010-020480-21,NA,US NCT number,download
2010-020480-21,NA,other,downlaod
2010-020480-21,NA,US NCT number,results_page
2010-020480-21,NA,ISRCTN number,results_page
2010-020433-13,NA,US NCT number,download
2010-020433-13,NA,other,downlaod
2010-020433-13,NA,US NCT number,results_page
2010-020433-13,NA,ISRCTN number,results_page
2010-020063-21,NA,US NCT number,download
2010-020063-21,NA,other,downlaod
2010-020063-21,NA,US NCT number,results_page
2010-020063-21,NA,ISRCTN number,results_page
2010-019347-18,NA,US NCT number,download
2010-019347-18,NA,other,downlaod
2010-019347-18,NA,US NCT number,results_page
2010-019347-18,NA,ISRCTN number,results_page
2010-019344-39,NA,US NCT number,download
2010-019344-39,NA,other,downlaod
2010-019344-39,NA,US NCT number,results_page
2010-019344-39,NA,ISRCTN number,results_page
2010-019218-26,NA,US NCT number,download
2010-019218-26,NA,other,downlaod
2010-019218-26,NA,US NCT number,results_page
2010-019218-26,NA,ISRCTN number,results_page
2010-018291-25,NCT01319370,US NCT number,download
2010-018291-25,NA,other,downlaod
2010-018291-25,NA,US NCT number,results_page
2010-018291-25,NA,ISRCTN number,results_page
2009-017739-17,NA,US NCT number,download
2009-017739-17,NA,other,downlaod
2009-017739-17,NA,US NCT number,results_page
2009-017739-17,NA,ISRCTN number,results_page
2009-017581-22,NA,US NCT number,download
2009-017581-22,NA,other,downlaod
2009-017581-22,NA,US NCT number,results_page
2009-017581-22,NA,ISRCTN number,results_page
2009-017458-11,NA,US NCT number,download
2009-017458-11,NA,other,downlaod
2009-017458-11,NA,US NCT number,results_page
2009-017458-11,NA,ISRCTN number,results_page
2009-016907-41,NA,US NCT number,download
2009-016907-41,NA,other,downlaod
2009-016907-41,NA,US NCT number,results_page
2009-016907-41,NA,ISRCTN number,results_page
2009-016482-28,NA,US NCT number,download
2009-016482-28,NA,other,downlaod
2009-016482-28,NA,US NCT number,results_page
2009-016482-28,NA,ISRCTN number,results_page
2009-016043-19,NA,US NCT number,download
2009-016043-19,NA,other,downlaod
2009-016043-19,NA,US NCT number,results_page
2009-016043-19,NA,ISRCTN number,results_page
2009-015319-41,NA,US NCT number,download
2009-015319-41,NA,other,downlaod
2009-015319-41,NA,US NCT number,results_page
2009-015319-41,NA,ISRCTN number,results_page
2009-014300-55,NA,US NCT number,download
2009-014300-55,NA,other,downlaod
2009-014300-55,NA,US NCT number,results_page
2009-014300-55,NA,ISRCTN number,results_page
2009-013976-38,NA,US NCT number,download
2009-013976-38,NA,other,downlaod
2009-013976-38,NCT01693393,US NCT number,results_page
2009-013976-38,NA,ISRCTN number,results_page
2009-013458-33,NA,US NCT number,download
2009-013458-33,NA,other,downlaod
2009-013458-33,NA,US NCT number,results_page
2009-013458-33,NA,ISRCTN number,results_page
2009-013432-20,NA,US NCT number,download
2009-013432-20,NA,other,downlaod
2009-013432-20,NA,US NCT number,results_page
2009-013432-20,NA,ISRCTN number,results_page
2009-011922-33,NA,US NCT number,download
2009-011922-33,NA,other,downlaod
2009-011922-33,NCT01047891,US NCT number,results_page
2009-011922-33,NA,ISRCTN number,results_page
2009-009656-20,NA,US NCT number,download
2009-009656-20,NA,other,downlaod
2009-009656-20,NA,US NCT number,results_page
2009-009656-20,NA,ISRCTN number,results_page
2009-009476-12,NA,US NCT number,download
2009-009476-12,NA,other,downlaod
2009-009476-12,NA,US NCT number,results_page
2009-009476-12,NA,ISRCTN number,results_page
2008-008474-31,NA,US NCT number,download
2008-008474-31,NA,other,downlaod
2008-008474-31,NCT02094287,US NCT number,results_page
2008-008474-31,ISRCTN12345678,ISRCTN number,results_page
2008-008232-87,NA,US NCT number,download
2008-008232-87,NA,other,downlaod
2008-008232-87,NA,US NCT number,results_page
2008-008232-87,NA,ISRCTN number,results_page
2008-007237-47,NA,US NCT number,download
2008-007237-47,NA,other,downlaod
2008-007237-47,NA,US NCT number,results_page
2008-007237-47,NA,ISRCTN number,results_page
2008-007031-41,NA,US NCT number,download
2008-007031-41,NA,other,downlaod
2008-007031-41,NA,US NCT number,results_page
2008-007031-41,NA,ISRCTN number,results_page
2008-006135-12,NA,US NCT number,download
2008-006135-12,NA,other,downlaod
2008-006135-12,NA,US NCT number,results_page
2008-006135-12,NA,ISRCTN number,results_page
2008-005786-60,NA,US NCT number,download
2008-005786-60,NA,other,downlaod
2008-005786-60,NA,US NCT number,results_page
2008-005786-60,NA,ISRCTN number,results_page
2008-005746-22,NA,US NCT number,download
2008-005746-22,NA,other,downlaod
2008-005746-22,NA,US NCT number,results_page
2008-005746-22,NA,ISRCTN number,results_page
2008-005451-23,NA,US NCT number,download
2008-005451-23,NA,other,downlaod
2008-005451-23,NA,US NCT number,results_page
2008-005451-23,NA,ISRCTN number,results_page
2008-005213-22,NA,US NCT number,download
2008-005213-22,NA,other,downlaod
2008-005213-22,NCT00799890,US NCT number,results_page
2008-005213-22,NA,ISRCTN number,results_page
2008-005167-33,NA,US NCT number,download
2008-005167-33,NA,other,downlaod
2008-005167-33,NA,US NCT number,results_page
2008-005167-33,NA,ISRCTN number,results_page
2008-004182-26,NA,US NCT number,download
2008-004182-26,NA,other,downlaod
2008-004182-26,NA,US NCT number,results_page
2008-004182-26,NA,ISRCTN number,results_page
2008-003256-29,NA,US NCT number,download
2008-003256-29,NA,other,downlaod
2008-003256-29,NA,US NCT number,results_page
2008-003256-29,NA,ISRCTN number,results_page
2008-002226-11,NA,US NCT number,download
2008-002226-11,NA,other,downlaod
2008-002226-11,NA,US NCT number,results_page
2008-002226-11,NA,ISRCTN number,results_page
2008-001849-26,NA,US NCT number,download
2008-001849-26,NA,other,downlaod
2008-001849-26,NA,US NCT number,results_page
2008-001849-26,NA,ISRCTN number,results_page
2008-001770-33,NA,US NCT number,download
2008-001770-33,NA,other,downlaod
2008-001770-33,NA,US NCT number,results_page
2008-001770-33,NA,ISRCTN number,results_page
2008-000653-36,NA,US NCT number,download
2008-000653-36,NA,other,downlaod
2008-000653-36,NA,US NCT number,results_page
2008-000653-36,NA,ISRCTN number,results_page
2008-000247-34,NA,US NCT number,download
2008-000247-34,NA,other,downlaod
2008-000247-34,NA,US NCT number,results_page
2008-000247-34,NA,ISRCTN number,results_page
2007-007657-31,NA,US NCT number,download
2007-007657-31,NA,other,downlaod
2007-007657-31,NA,US NCT number,results_page
2007-007657-31,NA,ISRCTN number,results_page
2007-007637-39,NA,US NCT number,download
2007-007637-39,NA,other,downlaod
2007-007637-39,NA,US NCT number,results_page
2007-007637-39,NA,ISRCTN number,results_page
2007-007011-85,NA,US NCT number,download
2007-007011-85,NA,other,downlaod
2007-007011-85,NA,US NCT number,results_page
2007-007011-85,NA,ISRCTN number,results_page
2007-006438-33,NA,US NCT number,download
2007-006438-33,NA,other,downlaod
2007-006438-33,NA,US NCT number,results_page
2007-006438-33,NA,ISRCTN number,results_page
2007-006126-10,NA,US NCT number,download
2007-006126-10,NA,other,downlaod
2007-006126-10,NA,US NCT number,results_page
2007-006126-10,NA,ISRCTN number,results_page
2007-005475-34,NA,US NCT number,download
2007-005475-34,NA,other,downlaod
2007-005475-34,NA,US NCT number,results_page
2007-005475-34,NA,ISRCTN number,results_page
2007-004674-49,NA,US NCT number,download
2007-004674-49,NA,other,downlaod
2007-004674-49,NA,US NCT number,results_page
2007-004674-49,NA,ISRCTN number,results_page
2007-004401-10,NA,US NCT number,download
2007-004401-10,clinical trials NCT 00670254,other,downlaod
2007-004401-10,NCT00670254,US NCT number,results_page
2007-004401-10,NA,ISRCTN number,results_page
2007-004150-85,NA,US NCT number,download
2007-004150-85,NA,other,downlaod
2007-004150-85,NA,US NCT number,results_page
2007-004150-85,NA,ISRCTN number,results_page
2007-004134-16,NA,US NCT number,download
2007-004134-16,NA,other,downlaod
2007-004134-16,NA,US NCT number,results_page
2007-004134-16,NA,ISRCTN number,results_page
2007-003813-15,NA,US NCT number,download
2007-003813-15,NA,other,downlaod
2007-003813-15,NA,US NCT number,results_page
2007-003813-15,NA,ISRCTN number,results_page
2007-003775-39,NA,US NCT number,download
2007-003775-39,NA,other,downlaod
2007-003775-39,NA,US NCT number,results_page
2007-003775-39,NA,ISRCTN number,results_page
2007-003111-31,NA,US NCT number,download
2007-003111-31,ARTVI ARTVI,other,downlaod
2007-003111-31,NA,US NCT number,results_page
2007-003111-31,NA,ISRCTN number,results_page
2007-002967-28,NA,US NCT number,download
2007-002967-28,NA,other,downlaod
2007-002967-28,NA,US NCT number,results_page
2007-002967-28,NA,ISRCTN number,results_page
2007-002223-32,NA,US NCT number,download
2007-002223-32,NA,other,downlaod
2007-002223-32,NA,US NCT number,results_page
2007-002223-32,NA,ISRCTN number,results_page
2007-002023-32,NA,US NCT number,download
2007-002023-32,NA,other,downlaod
2007-002023-32,NA,US NCT number,results_page
2007-002023-32,NA,ISRCTN number,results_page
2007-001787-71,NA,US NCT number,download
2007-001787-71,NA,other,downlaod
2007-001787-71,NA,US NCT number,results_page
2007-001787-71,NA,ISRCTN number,results_page
2007-001677-28,NA,US NCT number,download
2007-001677-28,NA,other,downlaod
2007-001677-28,NA,US NCT number,results_page
2007-001677-28,NA,ISRCTN number,results_page
2007-000718-35,NA,US NCT number,download
2007-000718-35,NA,other,downlaod
2007-000718-35,NA,US NCT number,results_page
2007-000718-35,NA,ISRCTN number,results_page
2007-000579-40,NA,US NCT number,download
2007-000579-40,NA,other,downlaod
2007-000579-40,NA,US NCT number,results_page
2007-000579-40,NA,ISRCTN number,results_page
2007-000512-82,NA,US NCT number,download
2007-000512-82,NA,other,downlaod
2007-000512-82,NA,US NCT number,results_page
2007-000512-82,NA,ISRCTN number,results_page
2006-006516-30,NA,US NCT number,download
2006-006516-30,NA,other,downlaod
2006-006516-30,NA,US NCT number,results_page
2006-006516-30,NA,ISRCTN number,results_page
2006-006323-39,NA,US NCT number,download
2006-006323-39,NA,other,downlaod
2006-006323-39,NA,US NCT number,results_page
2006-006323-39,NA,ISRCTN number,results_page
2006-006088-22,NA,US NCT number,download
2006-006088-22,NA,other,downlaod
2006-006088-22,NCT02158988,US NCT number,results_page
2006-006088-22,NA,ISRCTN number,results_page
2006-005710-12,NA,US NCT number,download
2006-005710-12,NA,other,downlaod
2006-005710-12,NA,US NCT number,results_page
2006-005710-12,NA,ISRCTN number,results_page
2006-005262-39,NA,US NCT number,download
2006-005262-39,NA,other,downlaod
2006-005262-39,NA,US NCT number,results_page
2006-005262-39,NA,ISRCTN number,results_page
2006-004891-10,NA,US NCT number,download
2006-004891-10,NA,other,downlaod
2006-004891-10,NA,US NCT number,results_page
2006-004891-10,NA,ISRCTN number,results_page
2006-004860-29,NA,US NCT number,download
2006-004860-29,NA,other,downlaod
2006-004860-29,NA,US NCT number,results_page
2006-004860-29,NA,ISRCTN number,results_page
2006-004628-34,NA,US NCT number,download
2006-004628-34,NA,other,downlaod
2006-004628-34,NA,US NCT number,results_page
2006-004628-34,NA,ISRCTN number,results_page
2006-004290-97,NA,US NCT number,download
2006-004290-97,NA,other,downlaod
2006-004290-97,NA,US NCT number,results_page
2006-004290-97,NA,ISRCTN number,results_page
2006-004162-13,NA,US NCT number,download
2006-004162-13,NA,other,downlaod
2006-004162-13,NA,US NCT number,results_page
2006-004162-13,NA,ISRCTN number,results_page
2006-003999-35,NA,US NCT number,download
2006-003999-35,NA,other,downlaod
2006-003999-35,NA,US NCT number,results_page
2006-003999-35,NA,ISRCTN number,results_page
2006-003686-13,NA,US NCT number,download
2006-003686-13,NA,other,downlaod
2006-003686-13,NA,US NCT number,results_page
2006-003686-13,NA,ISRCTN number,results_page
2006-003470-10,NA,US NCT number,download
2006-003470-10,NA,other,downlaod
2006-003470-10,NA,US NCT number,results_page
2006-003470-10,NA,ISRCTN number,results_page
2006-003146-41,NA,US NCT number,download
2006-003146-41,NA,other,downlaod
2006-003146-41,NA,US NCT number,results_page
2006-003146-41,NA,ISRCTN number,results_page
2006-002306-64,NA,US NCT number,download
2006-002306-64,NA,other,downlaod
2006-002306-64,NA,US NCT number,results_page
2006-002306-64,NA,ISRCTN number,results_page
2006-001528-38,NA,US NCT number,download
2006-001528-38,NA,other,downlaod
2006-001528-38,NA,US NCT number,results_page
2006-001528-38,NA,ISRCTN number,results_page
2006-000815-24,NA,US NCT number,download
2006-000815-24,NA,other,downlaod
2006-000815-24,NA,US NCT number,results_page
2006-000815-24,NA,ISRCTN number,results_page
2005-006133-32,NA,US NCT number,download
2005-006133-32,NA,other,downlaod
2005-006133-32,NA,US NCT number,results_page
2005-006133-32,NA,ISRCTN number,results_page
2005-005021-60,NA,US NCT number,download
2005-005021-60,NA,other,downlaod
2005-005021-60,NA,US NCT number,results_page
2005-005021-60,NA,ISRCTN number,results_page
2005-005017-38,NA,US NCT number,download
2005-005017-38,NA,other,downlaod
2005-005017-38,NA,US NCT number,results_page
2005-005017-38,NA,ISRCTN number,results_page
2005-003714-15,NA,US NCT number,download
2005-003714-15,NA,other,downlaod
2005-003714-15,NA,US NCT number,results_page
2005-003714-15,NA,ISRCTN number,results_page
2005-003648-70,NA,US NCT number,download
2005-003648-70,NA,other,downlaod
2005-003648-70,NA,US NCT number,results_page
2005-003648-70,NA,ISRCTN number,results_page
2005-003617-33,NA,US NCT number,download
2005-003617-33,NA,other,downlaod
2005-003617-33,NA,US NCT number,results_page
2005-003617-33,NA,ISRCTN number,results_page
2005-003488-22,NA,US NCT number,download
2005-003488-22,NA,other,downlaod
2005-003488-22,NA,US NCT number,results_page
2005-003488-22,NA,ISRCTN number,results_page
2005-003195-38,NA,US NCT number,download
2005-003195-38,NA,other,downlaod
2005-003195-38,NA,US NCT number,results_page
2005-003195-38,NA,ISRCTN number,results_page
2005-002582-37,NA,US NCT number,download
2005-002582-37,NA,other,downlaod
2005-002582-37,NA,US NCT number,results_page
2005-002582-37,NA,ISRCTN number,results_page
2005-002475-32,NA,US NCT number,download
2005-002475-32,NA,other,downlaod
2005-002475-32,NA,US NCT number,results_page
2005-002475-32,NA,ISRCTN number,results_page
2005-002320-34,NA,US NCT number,download
2005-002320-34,NA,other,downlaod
2005-002320-34,NCT00844142,US NCT number,results_page
2005-002320-34,NA,ISRCTN number,results_page
2005-001907-21,NA,US NCT number,download
2005-001907-21,NA,other,downlaod
2005-001907-21,NA,US NCT number,results_page
2005-001907-21,NA,ISRCTN number,results_page
2005-001602-76,NA,US NCT number,download
2005-001602-76,NA,other,downlaod
2005-001602-76,NA,US NCT number,results_page
2005-001602-76,NA,ISRCTN number,results_page
2005-001559-39,NA,US NCT number,download
2005-001559-39,NA,other,downlaod
2005-001559-39,NA,US NCT number,results_page
2005-001559-39,NA,ISRCTN number,results_page
2005-001486-33,NA,US NCT number,download
2005-001486-33,NA,other,downlaod
2005-001486-33,NA,US NCT number,results_page
2005-001486-33,NA,ISRCTN number,results_page
2005-001456-20,NA,US NCT number,download
2005-001456-20,NA,other,downlaod
2005-001456-20,NA,US NCT number,results_page
2005-001456-20,NA,ISRCTN number,results_page
2004-005172-17,NA,US NCT number,download
2004-005172-17,NA,other,downlaod
2004-005172-17,NA,US NCT number,results_page
2004-005172-17,NA,ISRCTN number,results_page
2004-004352-40,NA,US NCT number,download
2004-004352-40,NA,other,downlaod
2004-004352-40,NA,US NCT number,results_page
2004-004352-40,NA,ISRCTN number,results_page
2004-003816-47,NA,US NCT number,download
2004-003816-47,NA,other,downlaod
2004-003816-47,NA,US NCT number,results_page
2004-003816-47,NA,ISRCTN number,results_page
2004-000957-47,NA,US NCT number,download
2004-000957-47,NA,other,downlaod
2004-000957-47,NA,US NCT number,results_page
2004-000957-47,NA,ISRCTN number,results_page
2021-006176-16,NA,US NCT number,download
2021-006176-16,NA,other,downlaod
2021-006176-16,NA,US NCT number,results_page
2021-006176-16,NA,ISRCTN number,results_page
2021-006031-25,NA,US NCT number,download
2021-006031-25,NA,other,downlaod
2021-006031-25,NA,US NCT number,results_page
2021-006031-25,NA,ISRCTN number,results_page
2021-002245-15,NA,US NCT number,download
2021-002245-15,NA,other,downlaod
2021-002245-15,NA,US NCT number,results_page
2021-002245-15,NA,ISRCTN number,results_page
2021-001512-28,NA,US NCT number,download
2021-001512-28,NA,other,downlaod
2021-001512-28,NA,US NCT number,results_page
2021-001512-28,NA,ISRCTN number,results_page
2021-000962-14,NA,US NCT number,download
2021-000962-14,NA,other,downlaod
2021-000962-14,NA,US NCT number,results_page
2021-000962-14,NA,ISRCTN number,results_page
2021-000613-16,NA,US NCT number,download
2021-000613-16,NA,other,downlaod
2021-000613-16,NA,US NCT number,results_page
2021-000613-16,NA,ISRCTN number,results_page
2021-000319-21,NA,US NCT number,download
2021-000319-21,NA,other,downlaod
2021-000319-21,NA,US NCT number,results_page
2021-000319-21,NA,ISRCTN number,results_page
2020-006144-18,NA,US NCT number,download
2020-006144-18,AIO Number AIO-KRK-0419,other,downlaod
2020-006144-18,NA,US NCT number,results_page
2020-006144-18,NA,ISRCTN number,results_page
2020-004399-16,NA,US NCT number,download
2020-004399-16,NA,other,downlaod
2020-004399-16,NA,US NCT number,results_page
2020-004399-16,NA,ISRCTN number,results_page
2020-004102-63,NA,US NCT number,download
2020-004102-63,NA,other,downlaod
2020-004102-63,NA,US NCT number,results_page
2020-004102-63,NA,ISRCTN number,results_page
2020-001493-29,NA,US NCT number,download
2020-001493-29,NA,other,downlaod
2020-001493-29,NA,US NCT number,results_page
2020-001493-29,NA,ISRCTN number,results_page
2019-004223-20,NA,US NCT number,download
2019-004223-20,NA,other,downlaod
2019-004223-20,NA,US NCT number,results_page
2019-004223-20,NA,ISRCTN number,results_page
2019-001235-31,NA,US NCT number,download
2019-001235-31,NA,other,downlaod
2019-001235-31,NA,US NCT number,results_page
2019-001235-31,NA,ISRCTN number,results_page
2018-004254-22,NA,US NCT number,download
2018-004254-22,NA,other,downlaod
2018-004254-22,NA,US NCT number,results_page
2018-004254-22,NA,ISRCTN number,results_page
2018-004136-30,NA,US NCT number,download
2018-004136-30,NA,other,downlaod
2018-004136-30,NA,US NCT number,results_page
2018-004136-30,NA,ISRCTN number,results_page
2018-002947-27,NA,US NCT number,download
2018-002947-27,NA,other,downlaod
2018-002947-27,NA,US NCT number,results_page
2018-002947-27,NA,ISRCTN number,results_page
2018-002938-20,NA,US NCT number,download
2018-002938-20,NA,other,downlaod
2018-002938-20,NA,US NCT number,results_page
2018-002938-20,NA,ISRCTN number,results_page
2018-000492-32,NA,US NCT number,download
2018-000492-32,NA,other,downlaod
2018-000492-32,NA,US NCT number,results_page
2018-000492-32,NA,ISRCTN number,results_page
2017-005151-83,NA,US NCT number,download
2017-005151-83,NA,other,downlaod
2017-005151-83,NA,US NCT number,results_page
2017-005151-83,NA,ISRCTN number,results_page
2017-004149-26,NA,US NCT number,download
2017-004149-26,NA,other,downlaod
2017-004149-26,NA,US NCT number,results_page
2017-004149-26,NA,ISRCTN number,results_page
2017-003813-24,NA,US NCT number,download
2017-003813-24,NA,other,downlaod
2017-003813-24,NA,US NCT number,results_page
2017-003813-24,NA,ISRCTN number,results_page
2017-002124-24,NCT03083431,US NCT number,download
2017-002124-24,other Study ID No 01GM1703,other,downlaod
2017-002124-24,NA,US NCT number,results_page
2017-002124-24,NA,ISRCTN number,results_page
2017-001262-25,NA,US NCT number,download
2017-001262-25,NA,other,downlaod
2017-001262-25,NA,US NCT number,results_page
2017-001262-25,NA,ISRCTN number,results_page
2017-000697-11,NA,US NCT number,download
2017-000697-11,NA,other,downlaod
2017-000697-11,NA,US NCT number,results_page
2017-000697-11,NA,ISRCTN number,results_page
2017-000058-21,NCT03463317,US NCT number,download
2017-000058-21,NA,other,downlaod
2017-000058-21,NA,US NCT number,results_page
2017-000058-21,NA,ISRCTN number,results_page
2016-003802-14,NA,US NCT number,download
2016-003802-14,NA,other,downlaod
2016-003802-14,NA,US NCT number,results_page
2016-003802-14,NA,ISRCTN number,results_page
2016-003175-22,NA,US NCT number,download
2016-003175-22,NA,other,downlaod
2016-003175-22,NA,US NCT number,results_page
2016-003175-22,NA,ISRCTN number,results_page
2015-005757-12,NA,US NCT number,download
2015-005757-12,NA,other,downlaod
2015-005757-12,NA,US NCT number,results_page
2015-005757-12,NA,ISRCTN number,results_page
2015-004172-30,NA,US NCT number,download
2015-004172-30,NA,other,downlaod
2015-004172-30,NA,US NCT number,results_page
2015-004172-30,NA,ISRCTN number,results_page
2015-003429-32,NA,US NCT number,download
2015-003429-32,NA,other,downlaod
2015-003429-32,NA,US NCT number,results_page
2015-003429-32,NA,ISRCTN number,results_page
2014-003457-34,NA,US NCT number,download
2014-003457-34,NA,other,downlaod
2014-003457-34,NA,US NCT number,results_page
2014-003457-34,NA,ISRCTN number,results_page
2014-002439-32,NA,US NCT number,download
2014-002439-32,NA,other,downlaod
2014-002439-32,NA,US NCT number,results_page
2014-002439-32,NA,ISRCTN number,results_page
2014-000097-19,NA,US NCT number,download
2014-000097-19,NA,other,downlaod
2014-000097-19,NA,US NCT number,results_page
2014-000097-19,NA,ISRCTN number,results_page
2013-001599-40,NA,US NCT number,download
2013-001599-40,DRKS DRKS00004858,other,downlaod
2013-001599-40,NA,US NCT number,results_page
2013-001599-40,NA,ISRCTN number,results_page
2013-001294-24,NA,US NCT number,download
2013-001294-24,NA,other,downlaod
2013-001294-24,NCT02371434,US NCT number,results_page
2013-001294-24,NA,ISRCTN number,results_page
2012-001209-26,NA,US NCT number,download
2012-001209-26,NA,other,downlaod
2012-001209-26,NA,US NCT number,results_page
2012-001209-26,NA,ISRCTN number,results_page
2012-000810-12,NA,US NCT number,download
2012-000810-12,NA,other,downlaod
2012-000810-12,NA,US NCT number,results_page
2012-000810-12,NA,ISRCTN number,results_page
2012-000793-30,NCT01802814,US NCT number,download
2012-000793-30,NA,other,downlaod
2012-000793-30,NA,US NCT number,results_page
2012-000793-30,NA,ISRCTN number,results_page
2011-000259-17,NA,US NCT number,download
2011-000259-17,NA,other,downlaod
2011-000259-17,NA,US NCT number,results_page
2011-000259-17,NA,ISRCTN number,results_page
2009-014844-13,NA,US NCT number,download
2009-014844-13,NA,other,downlaod
2009-014844-13,NA,US NCT number,results_page
2009-014844-13,NA,ISRCTN number,results_page
2009-011277-33,NA,US NCT number,download
2009-011277-33,NA,other,downlaod
2009-011277-33,NA,US NCT number,results_page
2009-011277-33,NA,ISRCTN number,results_page
2009-009928-37,NA,US NCT number,download
2009-009928-37,NA,other,downlaod
2009-009928-37,NA,US NCT number,results_page
2009-009928-37,NA,ISRCTN number,results_page
2008-006055-52,NA,US NCT number,download
2008-006055-52,NA,other,downlaod
2008-006055-52,NA,US NCT number,results_page
2008-006055-52,NA,ISRCTN number,results_page
2007-003642-15,NA,US NCT number,download
2007-003642-15,NA,other,downlaod
2007-003642-15,NA,US NCT number,results_page
2007-003642-15,NA,ISRCTN number,results_page
2007-003370-26,NA,US NCT number,download
2007-003370-26,NA,other,downlaod
2007-003370-26,NA,US NCT number,results_page
2007-003370-26,NA,ISRCTN number,results_page
2006-006962-41,NA,US NCT number,download
2006-006962-41,NA,other,downlaod
2006-006962-41,NA,US NCT number,results_page
2006-006962-41,NA,ISRCTN number,results_page
2006-001269-40,NA,US NCT number,download
2006-001269-40,NA,other,downlaod
2006-001269-40,NA,US NCT number,results_page
2006-001269-40,NA,ISRCTN number,results_page
2004-002646-35,NA,US NCT number,download
2004-002646-35,NA,other,downlaod
2004-002646-35,NCT00568542,US NCT number,results_page
2004-002646-35,NA,ISRCTN number,results_page
2014-002643-18,NCT02453867,US NCT number,download
2014-002643-18,Centre for Evidence in Transplantation Approval CET010,other,downlaod
2014-002643-18,NA,US NCT number,results_page
2014-002643-18,NA,ISRCTN number,results_page
2014-001325-33,NA,US NCT number,download
2014-001325-33,NA,other,downlaod
2014-001325-33,NCT02540395,US NCT number,results_page
2014-001325-33,NA,ISRCTN number,results_page
2013-003542-17,NA,US NCT number,download
2013-003542-17,NA,other,downlaod
2013-003542-17,NA,US NCT number,results_page
2013-003542-17,NA,ISRCTN number,results_page
2007-007034-18,NA,US NCT number,download
2007-007034-18,NA,other,downlaod
2007-007034-18,NA,US NCT number,results_page
2007-007034-18,NA,ISRCTN number,results_page
2006-005778-34,NA,US NCT number,download
2006-005778-34,NA,other,downlaod
2006-005778-34,NA,US NCT number,results_page
2006-005778-34,NA,ISRCTN number,results_page
2004-002420-18,NA,US NCT number,download
2004-002420-18,NA,other,downlaod
2004-002420-18,NA,US NCT number,results_page
2004-002420-18,NA,ISRCTN number,results_page
